domain,id,question,answer,notes,source
Application & Interface Security,AIS-01.1,"Do you use industry standards (Build Security in Maturity Model [BSIMM] benchmarks, Open Group ACS Trusted Technology Provider Framework, NIST, etc.) to build in security for your Systems/Software Development Lifecycle (SDLC)?",No,"Changes go through pull requests with typecheck, unit and end-to-end checks in CI, but no named SDLC security framework (BSIMM, NIST SSDF, etc.) is adopted.",https://github.com/AxsionDev/Lunos/blob/dev/.github/workflows/test.yml
Application & Interface Security,AIS-01.2,Do you use an automated source code analysis tool to detect security defects in code prior to production?,No,"No static application security testing (SAST) tool is in CI yet. Type checking and tests run on every pull request, but they are not security analysis.",https://github.com/AxsionDev/Lunos/blob/dev/.github/workflows/typecheck.yml
Application & Interface Security,AIS-01.3,Do you use manual source-code analysis to detect security defects in code prior to production?,Partial,Changes are made through pull requests. A mandatory independent reviewer is not enforced: branch protection is not enabled on `dev`.,
Application & Interface Security,AIS-01.4,Do you verify that all of your software suppliers adhere to industry standards for Systems/Software Development Lifecycle (SDLC) security?,No,Lunos is a fork of opencode and depends on open-source packages; their SDLC is not verified. A software bill of materials is published per release so the dependency tree can be checked.,https://github.com/AxsionDev/Lunos/blob/dev/docs/trust/supply-chain.md
Application & Interface Security,AIS-01.5,(SaaS only) Do you review your applications for security vulnerabilities and address any issues prior to deployment to production?,N/A,"Lunos is self-hosted software. ITService EOOD operates no service that stores or processes customer data, so there is no provider-side infrastructure, tenant data or tenancy to which this applies.",https://github.com/AxsionDev/Lunos/blob/dev/docs/deployment/self-hosted.md
Application & Interface Security,AIS-02.1,"Are all identified security, contractual, and regulatory requirements for customer access contractually addressed and remediated prior to granting customers access to data, assets, and information systems?",N/A,"Lunos is self-hosted software. ITService EOOD operates no service that stores or processes customer data, so there is no provider-side infrastructure, tenant data or tenancy to which this applies.",https://github.com/AxsionDev/Lunos/blob/dev/docs/deployment/self-hosted.md
Application & Interface Security,AIS-02.2,Are all requirements and trust levels for customers’ access defined and documented?,N/A,"Lunos is self-hosted software. ITService EOOD operates no service that stores or processes customer data, so there is no provider-side infrastructure, tenant data or tenancy to which this applies.",https://github.com/AxsionDev/Lunos/blob/dev/docs/deployment/self-hosted.md
Application & Interface Security,AIS-03.1,"Are data input and output integrity routines (i.e., reconciliation and edit checks) implemented for application interfaces and databases to prevent manual or systematic processing errors or corruption of data?",N/A,"Lunos is self-hosted software. ITService EOOD operates no service that stores or processes customer data, so there is no provider-side infrastructure, tenant data or tenancy to which this applies.",https://github.com/AxsionDev/Lunos/blob/dev/docs/deployment/self-hosted.md
Application & Interface Security,AIS-04.1,"Is your Data Security Architecture designed using an industry standard (e.g., CDSA, MULITSAFE, CSA Trusted Cloud Architectural Standard, FedRAMP, CAESARS)?",N/A,"Lunos is self-hosted software. ITService EOOD operates no service that stores or processes customer data, so there is no provider-side infrastructure, tenant data or tenancy to which this applies.",https://github.com/AxsionDev/Lunos/blob/dev/docs/deployment/self-hosted.md
Audit Assurance & Compliance,AAC-01.1,"Do you produce audit assertions using a structured, industry accepted format (e.g., CloudAudit/A6 URI Ontology, CloudTrust, SCAP/CYBEX, GRC XML, ISACA's Cloud Computing Management Audit/Assurance Program, etc.)?",No,No structured audit assertions are produced.,
Audit Assurance & Compliance,AAC-02.1,Do you allow tenants to view your SOC2/ISO 27001 or similar third-party audit or certification reports?,No,"Lunos holds no SOC 2, ISO 27001 or similar certification or third-party audit report, and claims none.",https://github.com/AxsionDev/Lunos/blob/dev/docs/deployment/self-hosted.md
Audit Assurance & Compliance,AAC-02.2,Do you conduct network penetration tests of your cloud service infrastructure regularly as prescribed by industry best practices and guidance?,N/A,"Lunos is self-hosted software. ITService EOOD operates no service that stores or processes customer data, so there is no provider-side infrastructure, tenant data or tenancy to which this applies.",https://github.com/AxsionDev/Lunos/blob/dev/docs/deployment/self-hosted.md
Audit Assurance & Compliance,AAC-02.3,Do you conduct application penetration tests of your cloud infrastructure regularly as prescribed by industry best practices and guidance?,No,No application penetration test has been carried out on Lunos.,
Audit Assurance & Compliance,AAC-02.4,Do you conduct internal audits regularly as prescribed by industry best practices and guidance?,Axsion to answer,An organisational policy of ITService EOOD. Not documented in the Lunos repository; to be answered by Axsion.,
Audit Assurance & Compliance,AAC-02.5,Do you conduct external audits regularly as prescribed by industry best practices and guidance?,No,No external audit has been carried out.,
Audit Assurance & Compliance,AAC-02.6,Are the results of the penetration tests available to tenants at their request?,N/A,"Lunos is self-hosted software. ITService EOOD operates no service that stores or processes customer data, so there is no provider-side infrastructure, tenant data or tenancy to which this applies.",https://github.com/AxsionDev/Lunos/blob/dev/docs/deployment/self-hosted.md
Audit Assurance & Compliance,AAC-02.7,Are the results of internal and external audits available to tenants at their request?,N/A,"Lunos is self-hosted software. ITService EOOD operates no service that stores or processes customer data, so there is no provider-side infrastructure, tenant data or tenancy to which this applies.",https://github.com/AxsionDev/Lunos/blob/dev/docs/deployment/self-hosted.md
Audit Assurance & Compliance,AAC-02.8,Do you have an internal audit program that allows for cross-functional audit of assessments?,Axsion to answer,An organisational policy of ITService EOOD. Not documented in the Lunos repository; to be answered by Axsion.,
Audit Assurance & Compliance,AAC-03.1,"Do you have the ability to logically segment or encrypt customer data such that data may be produced for a single tenant only, without inadvertently accessing another tenant's data?",N/A,"Lunos is self-hosted software. ITService EOOD operates no service that stores or processes customer data, so there is no provider-side infrastructure, tenant data or tenancy to which this applies.",https://github.com/AxsionDev/Lunos/blob/dev/docs/deployment/self-hosted.md
Audit Assurance & Compliance,AAC-03.2,Do you have the capability to recover data for a specific customer in the case of a failure or data loss?,N/A,"Lunos is self-hosted software. ITService EOOD operates no service that stores or processes customer data, so there is no provider-side infrastructure, tenant data or tenancy to which this applies.",https://github.com/AxsionDev/Lunos/blob/dev/docs/deployment/self-hosted.md
Audit Assurance & Compliance,AAC-03.3,Do you have the capability to restrict the storage of customer data to specific countries or geographic locations?,Yes,"Data stays on infrastructure the customer runs. The data-residency policy restricts which jurisdictions model requests may go to, refusing others before any connection is made.",https://github.com/AxsionDev/Lunos/blob/dev/docs/data-residency.md
Audit Assurance & Compliance,AAC-03.4,"Do you have a program in place that includes the ability to monitor changes to the regulatory requirements in relevant jurisdictions, adjust your security program for changes to legal requirements, and ensure compliance with relevant regulatory requirements?",Partial,"Regulatory questions are tracked as project decisions (the CRA assessment, the sovereignty claim table), with named re-assessment triggers. There is no formal regulatory monitoring program.",https://github.com/AxsionDev/Lunos/blob/dev/docs/trust/cra-readiness.md
Business Continuity Management & Operational Resilience,BCR-01.1,Do you provide tenants with geographically resilient hosting options?,N/A,"Lunos is self-hosted software. ITService EOOD operates no service that stores or processes customer data, so there is no provider-side infrastructure, tenant data or tenancy to which this applies.",https://github.com/AxsionDev/Lunos/blob/dev/docs/deployment/self-hosted.md
Business Continuity Management & Operational Resilience,BCR-01.2,Do you provide tenants with infrastructure service failover capability to other providers?,N/A,"Lunos is self-hosted software. ITService EOOD operates no service that stores or processes customer data, so there is no provider-side infrastructure, tenant data or tenancy to which this applies.",https://github.com/AxsionDev/Lunos/blob/dev/docs/deployment/self-hosted.md
Business Continuity Management & Operational Resilience,BCR-02.1,Are business continuity plans subject to testing at planned intervals or upon significant organizational or environmental changes to ensure continuing effectiveness?,N/A,"Lunos is self-hosted software. ITService EOOD operates no service that stores or processes customer data, so there is no provider-side infrastructure, tenant data or tenancy to which this applies.",https://github.com/AxsionDev/Lunos/blob/dev/docs/deployment/self-hosted.md
Business Continuity Management & Operational Resilience,BCR-03.1,Do you provide tenants with documentation showing the transport route of their data between your systems?,Yes,The deployment guide documents every destination Lunos sends data to and what is sent.,https://github.com/AxsionDev/Lunos/blob/dev/docs/deployment/self-hosted.md#3-where-your-data-goes
Business Continuity Management & Operational Resilience,BCR-03.2,Can tenants define how their data is transported and through which legal jurisdictions?,Yes,"The customer chooses the model provider, and the data-residency policy restricts which jurisdictions requests may go to.",https://github.com/AxsionDev/Lunos/blob/dev/docs/data-residency.md
Business Continuity Management & Operational Resilience,BCR-04.1,"Are information system documents (e.g., administrator and user guides, architecture diagrams, etc.) made available to authorized personnel to ensure configuration, installation and operation of the information system?",Yes,"Installation, configuration and user documentation, and a data-flow description, are published.",https://github.com/AxsionDev/Lunos/blob/dev/docs/deployment/self-hosted.md
Business Continuity Management & Operational Resilience,BCR-05.1,"Is physical protection against damage (e.g., natural causes, natural disasters, deliberate attacks) anticipated and designed with countermeasures applied?",N/A,"Lunos is self-hosted software. ITService EOOD operates no service that stores or processes customer data, so there is no provider-side infrastructure, tenant data or tenancy to which this applies.",https://github.com/AxsionDev/Lunos/blob/dev/docs/deployment/self-hosted.md
Business Continuity Management & Operational Resilience,BCR-06.1,"Are any of your data centers located in places that have a high probability/occurrence of high-impact environmental risks (floods, tornadoes, earthquakes, hurricanes, etc.)?",N/A,"Lunos is self-hosted software. ITService EOOD operates no service that stores or processes customer data, so there is no provider-side infrastructure, tenant data or tenancy to which this applies.",https://github.com/AxsionDev/Lunos/blob/dev/docs/deployment/self-hosted.md
Business Continuity Management & Operational Resilience,BCR-07.1,"If using virtual infrastructure, does your cloud solution include independent hardware restore and recovery capabilities?",N/A,"Lunos is self-hosted software. ITService EOOD operates no service that stores or processes customer data, so there is no provider-side infrastructure, tenant data or tenancy to which this applies.",https://github.com/AxsionDev/Lunos/blob/dev/docs/deployment/self-hosted.md
Business Continuity Management & Operational Resilience,BCR-07.2,"If using virtual infrastructure, do you provide tenants with a capability to restore a Virtual Machine to a previous state in time?",N/A,"Lunos is self-hosted software. ITService EOOD operates no service that stores or processes customer data, so there is no provider-side infrastructure, tenant data or tenancy to which this applies.",https://github.com/AxsionDev/Lunos/blob/dev/docs/deployment/self-hosted.md
Business Continuity Management & Operational Resilience,BCR-07.3,"If using virtual infrastructure, do you allow virtual machine images to be downloaded and ported to a new cloud provider?",N/A,"Lunos is self-hosted software. ITService EOOD operates no service that stores or processes customer data, so there is no provider-side infrastructure, tenant data or tenancy to which this applies.",https://github.com/AxsionDev/Lunos/blob/dev/docs/deployment/self-hosted.md
Business Continuity Management & Operational Resilience,BCR-07.4,"If using virtual infrastructure, are machine images made available to the customer in a way that would allow the customer to replicate those images in their own off-site storage location?",N/A,"Lunos is self-hosted software. ITService EOOD operates no service that stores or processes customer data, so there is no provider-side infrastructure, tenant data or tenancy to which this applies.",https://github.com/AxsionDev/Lunos/blob/dev/docs/deployment/self-hosted.md
Business Continuity Management & Operational Resilience,BCR-07.5,Does your cloud solution include software/provider independent restore and recovery capabilities?,N/A,"Lunos is self-hosted software. ITService EOOD operates no service that stores or processes customer data, so there is no provider-side infrastructure, tenant data or tenancy to which this applies.",https://github.com/AxsionDev/Lunos/blob/dev/docs/deployment/self-hosted.md
Business Continuity Management & Operational Resilience,BCR-08.1,"Are security mechanisms and redundancies implemented to protect equipment from utility service outages (e.g., power failures, network disruptions, etc.)?",N/A,"Lunos is self-hosted software. ITService EOOD operates no service that stores or processes customer data, so there is no provider-side infrastructure, tenant data or tenancy to which this applies.",https://github.com/AxsionDev/Lunos/blob/dev/docs/deployment/self-hosted.md
Business Continuity Management & Operational Resilience,BCR-09.1,Do you provide tenants with ongoing visibility and reporting of your operational Service Level Agreement (SLA) performance?,N/A,"Lunos is self-hosted software. ITService EOOD operates no service that stores or processes customer data, so there is no provider-side infrastructure, tenant data or tenancy to which this applies.",https://github.com/AxsionDev/Lunos/blob/dev/docs/deployment/self-hosted.md
Business Continuity Management & Operational Resilience,BCR-09.2,"Do you make standards-based information security metrics (CSA, CAMM, etc.) available to your tenants?",N/A,"Lunos is self-hosted software. ITService EOOD operates no service that stores or processes customer data, so there is no provider-side infrastructure, tenant data or tenancy to which this applies.",https://github.com/AxsionDev/Lunos/blob/dev/docs/deployment/self-hosted.md
Business Continuity Management & Operational Resilience,BCR-09.3,Do you provide customers with ongoing visibility and reporting of your SLA performance?,N/A,"Lunos is self-hosted software. ITService EOOD operates no service that stores or processes customer data, so there is no provider-side infrastructure, tenant data or tenancy to which this applies.",https://github.com/AxsionDev/Lunos/blob/dev/docs/deployment/self-hosted.md
Business Continuity Management & Operational Resilience,BCR-10.1,Are policies and procedures established and made available for all personnel to adequately support services operations’ roles?,Axsion to answer,An organisational policy of ITService EOOD. Not documented in the Lunos repository; to be answered by Axsion.,
Business Continuity Management & Operational Resilience,BCR-11.1,Do you have technical control capabilities to enforce tenant data retention policies?,N/A,"Lunos is self-hosted software. ITService EOOD operates no service that stores or processes customer data, so there is no provider-side infrastructure, tenant data or tenancy to which this applies.",https://github.com/AxsionDev/Lunos/blob/dev/docs/deployment/self-hosted.md
Business Continuity Management & Operational Resilience,BCR-11.2,Do you have a documented procedure for responding to requests for tenant data from governments or third parties?,N/A,"ITService EOOD holds no customer data, so it has none to produce in response to a request. A procedure for such requests is an organisational matter for Axsion.",https://github.com/AxsionDev/Lunos/blob/dev/docs/deployment/self-hosted.md
Business Continuity Management & Operational Resilience,BCR-11.4,"Have you implemented backup or redundancy mechanisms to ensure compliance with regulatory, statutory, contractual or business requirements?",N/A,"Lunos is self-hosted software. ITService EOOD operates no service that stores or processes customer data, so there is no provider-side infrastructure, tenant data or tenancy to which this applies.",https://github.com/AxsionDev/Lunos/blob/dev/docs/deployment/self-hosted.md
Business Continuity Management & Operational Resilience,BCR-11.5,Do you test your backup or redundancy mechanisms at least annually?,N/A,"Lunos is self-hosted software. ITService EOOD operates no service that stores or processes customer data, so there is no provider-side infrastructure, tenant data or tenancy to which this applies.",https://github.com/AxsionDev/Lunos/blob/dev/docs/deployment/self-hosted.md
Change Control & Configuration Management,CCC-01.1,"Are policies and procedures established for management authorization for development or acquisition of new applications, systems, databases, infrastructure, services, operations and facilities?",Axsion to answer,An organisational policy of ITService EOOD. Not documented in the Lunos repository; to be answered by Axsion.,
Change Control & Configuration Management,CCC-01.2,"Is documentation available that describes the installation, configuration, and use of products/services/features?",Yes,"Installation, configuration and usage documentation is published.",https://github.com/AxsionDev/Lunos/blob/dev/docs/deployment/self-hosted.md
Change Control & Configuration Management,CCC-02.1,Do you have controls in place to ensure that standards of quality are being met for all software development?,Partial,"Every pull request runs typecheck, unit, end-to-end and Nix checks. Branch protection is not enabled, so passing checks is not enforced before merge.",https://github.com/AxsionDev/Lunos/blob/dev/.github/workflows/test.yml
Change Control & Configuration Management,CCC-02.2,Do you have controls in place to detect source code security defects for any outsourced software development activities?,N/A,Development is not outsourced. Lunos incorporates upstream opencode as open source.,
Change Control & Configuration Management,CCC-03.1,Do you provide your tenants with documentation that describes your quality assurance process?,Partial,The CI checks are visible in the public repository. No separate QA-process document is published.,https://github.com/AxsionDev/Lunos/blob/dev/.github/workflows/
Change Control & Configuration Management,CCC-03.2,Is documentation describing known issues with certain products/services available?,Yes,Known limitations are listed in the deployment guide and SECURITY.md.,https://github.com/AxsionDev/Lunos/blob/dev/docs/deployment/self-hosted.md#7-known-limitations--stated-not-buried
Change Control & Configuration Management,CCC-03.3,Are there policies and procedures in place to triage and remedy reported bugs and security vulnerabilities for product and service offerings?,Yes,Security vulnerabilities: a documented intake-to-disclosure process. Bugs: GitHub issues.,https://github.com/AxsionDev/Lunos/blob/dev/SECURITY.md
Change Control & Configuration Management,CCC-03.4,Are mechanisms in place to ensure that all debugging and test code elements are removed from released software versions?,No,Not verified by a dedicated control.,
Change Control & Configuration Management,CCC-04.1,Do you have controls in place to restrict and monitor the installation of unauthorized software onto your systems?,Axsion to answer,An organisational policy of ITService EOOD. Not documented in the Lunos repository; to be answered by Axsion.,
Change Control & Configuration Management,CCC-05.1,Do you provide tenants with documentation that describes your production change management procedures and their roles/rights/responsibilities within it?,Partial,"Every change is a public pull request, and releases carry a changelog. There is no production service to change-manage.",https://github.com/AxsionDev/Lunos/blob/dev/CHANGELOG.md
Data Security & Information Lifecycle Management,DSI-01.1,"Do you provide a capability to identify virtual machines via policy tags/metadata (e.g., tags can be used to limit guest operating systems from booting/instantiating/transporting data in the wrong country)?",N/A,"Lunos is self-hosted software. ITService EOOD operates no service that stores or processes customer data, so there is no provider-side infrastructure, tenant data or tenancy to which this applies.",https://github.com/AxsionDev/Lunos/blob/dev/docs/deployment/self-hosted.md
Data Security & Information Lifecycle Management,DSI-01.2,"Do you provide a capability to identify hardware via policy tags/metadata/hardware tags (e.g., TXT/TPM, VN-Tag, etc.)?",N/A,"Lunos is self-hosted software. ITService EOOD operates no service that stores or processes customer data, so there is no provider-side infrastructure, tenant data or tenancy to which this applies.",https://github.com/AxsionDev/Lunos/blob/dev/docs/deployment/self-hosted.md
Data Security & Information Lifecycle Management,DSI-01.3,Do you have a capability to use system geographic location as an authentication factor?,N/A,"Lunos is self-hosted software. ITService EOOD operates no service that stores or processes customer data, so there is no provider-side infrastructure, tenant data or tenancy to which this applies.",https://github.com/AxsionDev/Lunos/blob/dev/docs/deployment/self-hosted.md
Data Security & Information Lifecycle Management,DSI-01.4,Can you provide the physical location/geography of storage of a tenant’s data upon request?,Yes,"Customer data is stored on infrastructure the customer runs, so its location is the customer's choice.",https://github.com/AxsionDev/Lunos/blob/dev/docs/deployment/self-hosted.md
Data Security & Information Lifecycle Management,DSI-01.5,Can you provide the physical location/geography of storage of a tenant's data in advance?,Yes,As above: the customer chooses where Lunos runs and stores its local state.,https://github.com/AxsionDev/Lunos/blob/dev/docs/deployment/self-hosted.md
Data Security & Information Lifecycle Management,DSI-01.6,"Do you follow a structured data-labeling standard (e.g., ISO 15489, Oasis XML Catalog Specification, CSA data type guidance)?",N/A,"Lunos is self-hosted software. ITService EOOD operates no service that stores or processes customer data, so there is no provider-side infrastructure, tenant data or tenancy to which this applies.",https://github.com/AxsionDev/Lunos/blob/dev/docs/deployment/self-hosted.md
Data Security & Information Lifecycle Management,DSI-01.7,Do you allow tenants to define acceptable geographical locations for data routing or resource instantiation?,Yes,The data-residency policy restricts the jurisdictions model requests may be routed to.,https://github.com/AxsionDev/Lunos/blob/dev/docs/data-residency.md
Data Security & Information Lifecycle Management,DSI-02.1,"Do you inventory, document, and maintain data flows for data that is resident (permanent or temporary) within the services' applications and infrastructure network and systems?",Yes,Data flows are documented in the deployment guide.,https://github.com/AxsionDev/Lunos/blob/dev/docs/deployment/self-hosted.md#3-where-your-data-goes
Data Security & Information Lifecycle Management,DSI-02.2,Can you ensure that data does not migrate beyond a defined geographical residency?,Partial,"With a residency policy set, Lunos refuses model requests to providers outside the allowed jurisdictions and records every call in the audit log. What a permitted provider does with the data is governed by the customer's agreement with it.",https://github.com/AxsionDev/Lunos/blob/dev/docs/data-residency.md
Data Security & Information Lifecycle Management,DSI-03.1,"Do you provide open encryption methodologies (3.4ES, AES, etc.) to tenants in order for them to protect their data if it is required to move through public networks (e.g., the Internet)?",Partial,Lunos connects to model providers over the endpoints the customer configures; hosted providers use HTTPS. Transport security for self-hosted endpoints is the customer's configuration.,
Data Security & Information Lifecycle Management,DSI-03.2,"Do you utilize open encryption methodologies any time your infrastructure components need to communicate with each other via public networks (e.g., Internet-based replication of data from one environment to another)?",N/A,"Lunos is self-hosted software. ITService EOOD operates no service that stores or processes customer data, so there is no provider-side infrastructure, tenant data or tenancy to which this applies.",https://github.com/AxsionDev/Lunos/blob/dev/docs/deployment/self-hosted.md
Data Security & Information Lifecycle Management,DSI-04.1,"Are policies and procedures established for labeling, handling and the security of data and objects that contain data?",N/A,"Lunos is self-hosted software. ITService EOOD operates no service that stores or processes customer data, so there is no provider-side infrastructure, tenant data or tenancy to which this applies.",https://github.com/AxsionDev/Lunos/blob/dev/docs/deployment/self-hosted.md
Data Security & Information Lifecycle Management,DSI-04.2,Are mechanisms for label inheritance implemented for objects that act as aggregate containers for data?,N/A,"Lunos is self-hosted software. ITService EOOD operates no service that stores or processes customer data, so there is no provider-side infrastructure, tenant data or tenancy to which this applies.",https://github.com/AxsionDev/Lunos/blob/dev/docs/deployment/self-hosted.md
Data Security & Information Lifecycle Management,DSI-05.1,Do you have procedures in place to ensure production data shall not be replicated or used in non-production environments?,N/A,"Lunos is self-hosted software. ITService EOOD operates no service that stores or processes customer data, so there is no provider-side infrastructure, tenant data or tenancy to which this applies.",https://github.com/AxsionDev/Lunos/blob/dev/docs/deployment/self-hosted.md
Data Security & Information Lifecycle Management,DSI-06.1,"Are the responsibilities regarding data stewardship defined, assigned, documented, and communicated?",Yes,Responsibilities are documented: the customer operates Lunos and chooses the provider; ITService EOOD is not in the data path.,https://github.com/AxsionDev/Lunos/blob/dev/docs/deployment/self-hosted.md#6-what-you-need-to-provide
Data Security & Information Lifecycle Management,DSI-07.1,"Do you support secure deletion (e.g., degaussing/cryptographic wiping) of archived and backed-up data as determined by the tenant?",N/A,"Lunos is self-hosted software. ITService EOOD operates no service that stores or processes customer data, so there is no provider-side infrastructure, tenant data or tenancy to which this applies.",https://github.com/AxsionDev/Lunos/blob/dev/docs/deployment/self-hosted.md
Data Security & Information Lifecycle Management,DSI-07.2,"Can you provide a published procedure for exiting the service arrangement, including assurance to sanitize all computing resources of tenant data once a customer has exited your environment or has vacated a resource?",N/A,"Lunos is self-hosted software. ITService EOOD operates no service that stores or processes customer data, so there is no provider-side infrastructure, tenant data or tenancy to which this applies.",https://github.com/AxsionDev/Lunos/blob/dev/docs/deployment/self-hosted.md
Datacenter Security,DCS-01.1,Do you maintain a complete inventory of all of your critical assets that includes ownership of the asset?,N/A,"Lunos is self-hosted software. ITService EOOD operates no service that stores or processes customer data, so there is no provider-side infrastructure, tenant data or tenancy to which this applies.",https://github.com/AxsionDev/Lunos/blob/dev/docs/deployment/self-hosted.md
Datacenter Security,DCS-01.2,Do you maintain a complete inventory of all of your critical supplier relationships?,N/A,"Lunos is self-hosted software. ITService EOOD operates no service that stores or processes customer data, so there is no provider-side infrastructure, tenant data or tenancy to which this applies.",https://github.com/AxsionDev/Lunos/blob/dev/docs/deployment/self-hosted.md
Datacenter Security,DCS-02.1,"Are physical security perimeters (e.g., fences, walls, barriers, guards, gates, electronic surveillance, physical authentication mechanisms, reception desks, and security patrols) implemented?",N/A,"Lunos is self-hosted software. ITService EOOD operates no service that stores or processes customer data, so there is no provider-side infrastructure, tenant data or tenancy to which this applies.",https://github.com/AxsionDev/Lunos/blob/dev/docs/deployment/self-hosted.md
Datacenter Security,DCS-03.1,Is automated equipment identification used as a method to validate connection authentication integrity based on known equipment location?,N/A,"Lunos is self-hosted software. ITService EOOD operates no service that stores or processes customer data, so there is no provider-side infrastructure, tenant data or tenancy to which this applies.",https://github.com/AxsionDev/Lunos/blob/dev/docs/deployment/self-hosted.md
Datacenter Security,DCS-04.1,"Do you provide tenants with documentation that describes scenarios in which data may be moved from one physical location to another (e.g., offsite backups, business continuity failovers, replication)?",N/A,"Lunos is self-hosted software. ITService EOOD operates no service that stores or processes customer data, so there is no provider-side infrastructure, tenant data or tenancy to which this applies.",https://github.com/AxsionDev/Lunos/blob/dev/docs/deployment/self-hosted.md
Datacenter Security,DCS-05.1,Can you provide tenants with evidence documenting your policies and procedures governing asset management and repurposing of equipment?,N/A,"Lunos is self-hosted software. ITService EOOD operates no service that stores or processes customer data, so there is no provider-side infrastructure, tenant data or tenancy to which this applies.",https://github.com/AxsionDev/Lunos/blob/dev/docs/deployment/self-hosted.md
Datacenter Security,DCS-06.1,"Can you provide evidence that policies, standards, and procedures have been established for maintaining a safe and secure working environment in offices, rooms, facilities, and secure areas?",N/A,"Lunos is self-hosted software. ITService EOOD operates no service that stores or processes customer data, so there is no provider-side infrastructure, tenant data or tenancy to which this applies.",https://github.com/AxsionDev/Lunos/blob/dev/docs/deployment/self-hosted.md
Datacenter Security,DCS-06.2,"Can you provide evidence that your personnel and involved third parties have been trained regarding your documented policies, standards, and procedures?",N/A,"Lunos is self-hosted software. ITService EOOD operates no service that stores or processes customer data, so there is no provider-side infrastructure, tenant data or tenancy to which this applies.",https://github.com/AxsionDev/Lunos/blob/dev/docs/deployment/self-hosted.md
Datacenter Security,DCS-07.1,Do you allow tenants to specify which of your geographic locations their data is allowed to move into/out of (to address legal jurisdictional considerations based on where data is stored vs. accessed)?,N/A,"Lunos is self-hosted software. ITService EOOD operates no service that stores or processes customer data, so there is no provider-side infrastructure, tenant data or tenancy to which this applies.",https://github.com/AxsionDev/Lunos/blob/dev/docs/deployment/self-hosted.md
Datacenter Security,DCS-08.1,"Are ingress and egress points, such as service areas and other points where unauthorized personnel may enter the premises, monitored, controlled and isolated from data storage and process?",N/A,"Lunos is self-hosted software. ITService EOOD operates no service that stores or processes customer data, so there is no provider-side infrastructure, tenant data or tenancy to which this applies.",https://github.com/AxsionDev/Lunos/blob/dev/docs/deployment/self-hosted.md
Datacenter Security,DCS-09.1,Do you restrict physical access to information assets and functions by users and support personnel?,N/A,"Lunos is self-hosted software. ITService EOOD operates no service that stores or processes customer data, so there is no provider-side infrastructure, tenant data or tenancy to which this applies.",https://github.com/AxsionDev/Lunos/blob/dev/docs/deployment/self-hosted.md
Encryption & Key Management,EKM-01.1,Do you have key management policies binding keys to identifiable owners?,N/A,"Lunos is self-hosted software. ITService EOOD operates no service that stores or processes customer data, so there is no provider-side infrastructure, tenant data or tenancy to which this applies.",https://github.com/AxsionDev/Lunos/blob/dev/docs/deployment/self-hosted.md
Encryption & Key Management,EKM-02.1,Do you have a capability to allow creation of unique encryption keys per tenant?,N/A,"Lunos is self-hosted software. ITService EOOD operates no service that stores or processes customer data, so there is no provider-side infrastructure, tenant data or tenancy to which this applies.",https://github.com/AxsionDev/Lunos/blob/dev/docs/deployment/self-hosted.md
Encryption & Key Management,EKM-02.2,Do you have a capability to manage encryption keys on behalf of tenants?,N/A,"Lunos is self-hosted software. ITService EOOD operates no service that stores or processes customer data, so there is no provider-side infrastructure, tenant data or tenancy to which this applies.",https://github.com/AxsionDev/Lunos/blob/dev/docs/deployment/self-hosted.md
Encryption & Key Management,EKM-02.3,Do you maintain key management procedures?,N/A,"Lunos is self-hosted software. ITService EOOD operates no service that stores or processes customer data, so there is no provider-side infrastructure, tenant data or tenancy to which this applies.",https://github.com/AxsionDev/Lunos/blob/dev/docs/deployment/self-hosted.md
Encryption & Key Management,EKM-02.4,Do you have documented ownership for each stage of the lifecycle of encryption keys?,N/A,"Lunos is self-hosted software. ITService EOOD operates no service that stores or processes customer data, so there is no provider-side infrastructure, tenant data or tenancy to which this applies.",https://github.com/AxsionDev/Lunos/blob/dev/docs/deployment/self-hosted.md
Encryption & Key Management,EKM-02.5,Do you utilize any third party/open source/proprietary frameworks to manage encryption keys?,N/A,"Lunos is self-hosted software. ITService EOOD operates no service that stores or processes customer data, so there is no provider-side infrastructure, tenant data or tenancy to which this applies.",https://github.com/AxsionDev/Lunos/blob/dev/docs/deployment/self-hosted.md
Encryption & Key Management,EKM-03.1,Do you encrypt tenant data at rest (on disk/storage) within your environment?,N/A,"Lunos is self-hosted software. ITService EOOD operates no service that stores or processes customer data, so there is no provider-side infrastructure, tenant data or tenancy to which this applies.",https://github.com/AxsionDev/Lunos/blob/dev/docs/deployment/self-hosted.md
Encryption & Key Management,EKM-03.2,Do you leverage encryption to protect data and virtual machine images during transport across and between networks and hypervisor instances?,Partial,Model requests go to the endpoints the customer configures; hosted providers use HTTPS. There are no Lunos-operated networks or hypervisors.,
Encryption & Key Management,EKM-03.3,"Do you support tenant-generated encryption keys or permit tenants to encrypt data to an identity without access to a public key certificate (e.g., identity-based encryption)?",N/A,"Lunos is self-hosted software. ITService EOOD operates no service that stores or processes customer data, so there is no provider-side infrastructure, tenant data or tenancy to which this applies.",https://github.com/AxsionDev/Lunos/blob/dev/docs/deployment/self-hosted.md
Encryption & Key Management,EKM-03.4,"Do you have documentation establishing and defining your encryption management policies, procedures, and guidelines?",N/A,"Lunos is self-hosted software. ITService EOOD operates no service that stores or processes customer data, so there is no provider-side infrastructure, tenant data or tenancy to which this applies.",https://github.com/AxsionDev/Lunos/blob/dev/docs/deployment/self-hosted.md
Encryption & Key Management,EKM-04.1,Do you have platform and data appropriate encryption that uses open/validated formats and standard algorithms?,N/A,"Lunos is self-hosted software. ITService EOOD operates no service that stores or processes customer data, so there is no provider-side infrastructure, tenant data or tenancy to which this applies.",https://github.com/AxsionDev/Lunos/blob/dev/docs/deployment/self-hosted.md
Encryption & Key Management,EKM-04.2,Are your encryption keys maintained by the cloud consumer or a trusted key management provider?,N/A,"Lunos is self-hosted software. ITService EOOD operates no service that stores or processes customer data, so there is no provider-side infrastructure, tenant data or tenancy to which this applies.",https://github.com/AxsionDev/Lunos/blob/dev/docs/deployment/self-hosted.md
Encryption & Key Management,EKM-04.3,Do you store encryption keys in the cloud?,N/A,"Lunos is self-hosted software. ITService EOOD operates no service that stores or processes customer data, so there is no provider-side infrastructure, tenant data or tenancy to which this applies.",https://github.com/AxsionDev/Lunos/blob/dev/docs/deployment/self-hosted.md
Encryption & Key Management,EKM-04.4,Do you have separate key management and key usage duties?,N/A,"Lunos is self-hosted software. ITService EOOD operates no service that stores or processes customer data, so there is no provider-side infrastructure, tenant data or tenancy to which this applies.",https://github.com/AxsionDev/Lunos/blob/dev/docs/deployment/self-hosted.md
Governance and Risk Management,GRM-01.1,"Do you have documented information security baselines for every component of your infrastructure (e.g., hypervisors, operating systems, routers, DNS servers, etc.)?",Axsion to answer,An organisational policy of ITService EOOD. Not documented in the Lunos repository; to be answered by Axsion.,
Governance and Risk Management,GRM-01.2,Do you have the capability to continuously monitor and report the compliance of your infrastructure against your information security baselines?,Axsion to answer,An organisational policy of ITService EOOD. Not documented in the Lunos repository; to be answered by Axsion.,
Governance and Risk Management,GRM-01.3,Do you allow your clients to provide their own trusted virtual machine image to ensure conformance to their own internal standards?,Axsion to answer,An organisational policy of ITService EOOD. Not documented in the Lunos repository; to be answered by Axsion.,
Governance and Risk Management,GRM-02.1,Do you provide security control health data in order to allow tenants to implement industry standard Continuous Monitoring (which allows continual tenant validation of your physical and logical control status)?,Axsion to answer,An organisational policy of ITService EOOD. Not documented in the Lunos repository; to be answered by Axsion.,
Governance and Risk Management,GRM-02.2,Do you conduct risk assessments associated with data governance requirements at least once a year?,Axsion to answer,An organisational policy of ITService EOOD. Not documented in the Lunos repository; to be answered by Axsion.,
Governance and Risk Management,GRM-03.1,"Are your technical, business, and executive managers responsible for maintaining awareness of and compliance with security policies, procedures, and standards for both themselves and their employees as they pertain to the manager and employees' area of responsibility?",Axsion to answer,An organisational policy of ITService EOOD. Not documented in the Lunos repository; to be answered by Axsion.,
Governance and Risk Management,GRM-04.1,Do you provide tenants with documentation describing your Information Security Management Program (ISMP)?,Partial,The security posture is documented in SECURITY.md and this Trust pack. There is no formal ISMS.,https://github.com/AxsionDev/Lunos/blob/dev/docs/trust/README.md
Governance and Risk Management,GRM-04.2,Do you review your Information Security Management Program (ISMP) at least once a year?,Axsion to answer,An organisational policy of ITService EOOD. Not documented in the Lunos repository; to be answered by Axsion.,
Governance and Risk Management,GRM-05.1,Do you ensure your providers adhere to your information security and privacy policies?,Axsion to answer,An organisational policy of ITService EOOD. Not documented in the Lunos repository; to be answered by Axsion.,
Governance and Risk Management,GRM-06.1,"Do your information security and privacy policies align with industry standards (ISO-27001, ISO-22307, CoBIT, etc.)?",Axsion to answer,An organisational policy of ITService EOOD. Not documented in the Lunos repository; to be answered by Axsion.,
Governance and Risk Management,GRM-06.2,Do you have agreements to ensure your providers adhere to your information security and privacy policies?,Axsion to answer,An organisational policy of ITService EOOD. Not documented in the Lunos repository; to be answered by Axsion.,
Governance and Risk Management,GRM-06.3,"Can you provide evidence of due diligence mapping of your controls, architecture, and processes to regulations and/or standards?",Axsion to answer,An organisational policy of ITService EOOD. Not documented in the Lunos repository; to be answered by Axsion.,
Governance and Risk Management,GRM-06.4,"Do you disclose which controls, standards, certifications, and/or regulations you comply with?",Yes,The claim table states exactly what is claimed; no certification or regulatory compliance is claimed.,https://github.com/AxsionDev/Lunos/blob/dev/docs/deployment/self-hosted.md#2-what-is-true-today--the-sovereignty-claim-stated-precisely
Governance and Risk Management,GRM-07.1,Is a formal disciplinary or sanction policy established for employees who have violated security policies and procedures?,Axsion to answer,An organisational policy of ITService EOOD. Not documented in the Lunos repository; to be answered by Axsion.,
Governance and Risk Management,GRM-07.2,Are employees made aware of what actions could be taken in the event of a violation via their policies and procedures?,Axsion to answer,An organisational policy of ITService EOOD. Not documented in the Lunos repository; to be answered by Axsion.,
Governance and Risk Management,GRM-08.1,"Do risk assessment results include updates to security policies, procedures, standards, and controls to ensure they remain relevant and effective?",Axsion to answer,An organisational policy of ITService EOOD. Not documented in the Lunos repository; to be answered by Axsion.,
Governance and Risk Management,GRM-09.1,Do you notify your tenants when you make material changes to your information security and/or privacy policies?,Axsion to answer,An organisational policy of ITService EOOD. Not documented in the Lunos repository; to be answered by Axsion.,
Governance and Risk Management,GRM-09.2,"Do you perform, at minimum, annual reviews to your privacy and security policies?",Axsion to answer,An organisational policy of ITService EOOD. Not documented in the Lunos repository; to be answered by Axsion.,
Governance and Risk Management,GRM-10.1,"Are formal risk assessments aligned with the enterprise-wide framework and performed at least annually, or at planned intervals, determining the likelihood and impact of all identified risks, using qualitative and quantitative methods?",Axsion to answer,An organisational policy of ITService EOOD. Not documented in the Lunos repository; to be answered by Axsion.,
Governance and Risk Management,GRM-10.2,"Is the likelihood and impact associated with inherent and residual risk determined independently, considering all risk categories (e.g., audit results, threat and vulnerability analysis, and regulatory compliance)?",Axsion to answer,An organisational policy of ITService EOOD. Not documented in the Lunos repository; to be answered by Axsion.,
Governance and Risk Management,GRM-11.1,"Do you have a documented, organization-wide program in place to manage risk?",Axsion to answer,An organisational policy of ITService EOOD. Not documented in the Lunos repository; to be answered by Axsion.,
Governance and Risk Management,GRM-11.2,Do you make available documentation of your organization-wide risk management program?,Axsion to answer,An organisational policy of ITService EOOD. Not documented in the Lunos repository; to be answered by Axsion.,
Human Resources,HRS-01.1,Are systems in place to monitor for privacy breaches and notify tenants expeditiously if a privacy event may have impacted their data?,N/A,"ITService EOOD holds no customer data, so has no privacy breach of customer data to detect. See the data-protection note.",https://github.com/AxsionDev/Lunos/blob/dev/docs/trust/data-protection.md
Human Resources,HRS-01.2,Is your Privacy Policy aligned with industry standards?,Axsion to answer,An organisational policy of ITService EOOD. Not documented in the Lunos repository; to be answered by Axsion.,
Human Resources,HRS-02.1,"Pursuant to local laws, regulations, ethics, and contractual constraints, are all employment candidates, contractors, and involved third parties subject to background verification?",Axsion to answer,An organisational policy of ITService EOOD. Not documented in the Lunos repository; to be answered by Axsion.,
Human Resources,HRS-03.1,Do you specifically train your employees regarding their specific role and the information security controls they must fulfill?,Axsion to answer,An organisational policy of ITService EOOD. Not documented in the Lunos repository; to be answered by Axsion.,
Human Resources,HRS-03.2,Do you document employee acknowledgment of training they have completed?,Axsion to answer,An organisational policy of ITService EOOD. Not documented in the Lunos repository; to be answered by Axsion.,
Human Resources,HRS-03.3,Are all personnel required to sign NDA or Confidentiality Agreements as a condition of employment to protect customer/tenant information?,Axsion to answer,An organisational policy of ITService EOOD. Not documented in the Lunos repository; to be answered by Axsion.,
Human Resources,HRS-03.4,Is successful and timed completion of the training program considered a prerequisite for acquiring and maintaining access to sensitive systems?,Axsion to answer,An organisational policy of ITService EOOD. Not documented in the Lunos repository; to be answered by Axsion.,
Human Resources,HRS-03.5,Are personnel trained and provided with awareness programs at least once a year?,Axsion to answer,An organisational policy of ITService EOOD. Not documented in the Lunos repository; to be answered by Axsion.,
Human Resources,HRS-04.1,"Are documented policies, procedures, and guidelines in place to govern change in employment and/or termination?",Axsion to answer,An organisational policy of ITService EOOD. Not documented in the Lunos repository; to be answered by Axsion.,
Human Resources,HRS-04.2,Do the above procedures and guidelines account for timely revocation of access and return of assets?,Axsion to answer,An organisational policy of ITService EOOD. Not documented in the Lunos repository; to be answered by Axsion.,
Human Resources,HRS-05.1,"Are policies and procedures established and measures implemented to strictly limit access to your sensitive data and tenant data from portable and mobile devices (e.g., laptops, cell phones, and personal digital assistants (PDAs)), which are generally higher-risk than non-portable devices (e.g., desktop computers at the provider organization’s facilities)?",Axsion to answer,An organisational policy of ITService EOOD. Not documented in the Lunos repository; to be answered by Axsion.,
Human Resources,HRS-06.1,"Are requirements for non-disclosure or confidentiality agreements reflecting the organization's needs for the protection of data and operational details identified, documented, and reviewed at planned intervals?",Axsion to answer,An organisational policy of ITService EOOD. Not documented in the Lunos repository; to be answered by Axsion.,
Human Resources,HRS-07.1,Do you provide tenants with a role definition document clarifying your administrative responsibilities versus those of the tenant?,Axsion to answer,An organisational policy of ITService EOOD. Not documented in the Lunos repository; to be answered by Axsion.,
Human Resources,HRS-08.1,Do you provide documentation regarding how you may access tenant data and metadata?,Yes,"Documented: ITService EOOD has no access to customer data or metadata, and there is no telemetry. The only Lunos-operated host contacted is lunos.tech, for the static marketplace catalogue, and the request carries nothing from the project.",https://github.com/AxsionDev/Lunos/blob/dev/docs/deployment/self-hosted.md#touches-lunos-operated-infrastructure
Human Resources,HRS-08.2,"Do you collect or create metadata about tenant data usage through inspection technologies (e.g., search engines, etc.)?",No,No metadata about customer data is collected. Lunos has no telemetry.,https://github.com/AxsionDev/Lunos/blob/dev/docs/deployment/self-hosted.md
Human Resources,HRS-08.3,Do you allow tenants to opt out of having their data/metadata accessed via inspection technologies?,N/A,No customer data or metadata is accessed.,
Human Resources,HRS-09.1,"Do you provide a formal, role-based, security awareness training program for cloud-related access and data management issues (e.g., multi-tenancy, nationality, cloud delivery model, segregation of duties implications, and conflicts of interest) for all persons with access to tenant data?",Axsion to answer,An organisational policy of ITService EOOD. Not documented in the Lunos repository; to be answered by Axsion.,
Human Resources,HRS-09.2,Are administrators and data stewards properly educated on their legal responsibilities with regard to security and data integrity?,Axsion to answer,An organisational policy of ITService EOOD. Not documented in the Lunos repository; to be answered by Axsion.,
Human Resources,HRS-10.1,"Are users made aware of their responsibilities for maintaining awareness and compliance with published security policies, procedures, standards, and applicable regulatory requirements?",Axsion to answer,An organisational policy of ITService EOOD. Not documented in the Lunos repository; to be answered by Axsion.,
Human Resources,HRS-10.2,Are users made aware of their responsibilities for maintaining a safe and secure working environment?,Axsion to answer,An organisational policy of ITService EOOD. Not documented in the Lunos repository; to be answered by Axsion.,
Human Resources,HRS-10.3,Are users made aware of their responsibilities for leaving unattended equipment in a secure manner?,Axsion to answer,An organisational policy of ITService EOOD. Not documented in the Lunos repository; to be answered by Axsion.,
Human Resources,HRS-11.1,Do your data management policies and procedures address tenant and service level conflicts of interests?,Axsion to answer,An organisational policy of ITService EOOD. Not documented in the Lunos repository; to be answered by Axsion.,
Human Resources,HRS-11.2,Do your data management policies and procedures include a tamper audit or software integrity function for unauthorized access to tenant data?,Axsion to answer,An organisational policy of ITService EOOD. Not documented in the Lunos repository; to be answered by Axsion.,
Human Resources,HRS-11.3,Does the virtual machine management infrastructure include a tamper audit or software integrity function to detect changes to the build/configuration of the virtual machine?,Axsion to answer,An organisational policy of ITService EOOD. Not documented in the Lunos repository; to be answered by Axsion.,
Identity & Access Management,IAM-01.1,"Do you restrict, log, and monitor access to your information security management systems (e.g., hypervisors, firewalls, vulnerability scanners, network sniffers, APIs, etc.)?",N/A,"Lunos is self-hosted software. ITService EOOD operates no service that stores or processes customer data, so there is no provider-side infrastructure, tenant data or tenancy to which this applies.",https://github.com/AxsionDev/Lunos/blob/dev/docs/deployment/self-hosted.md
Identity & Access Management,IAM-01.2,"Do you monitor and log privileged access (e.g., administrator level) to information security management systems?",N/A,"Lunos is self-hosted software. ITService EOOD operates no service that stores or processes customer data, so there is no provider-side infrastructure, tenant data or tenancy to which this applies.",https://github.com/AxsionDev/Lunos/blob/dev/docs/deployment/self-hosted.md
Identity & Access Management,IAM-02.1,Do you have controls in place ensuring timely removal of systems access that is no longer required for business purposes?,N/A,"Lunos is self-hosted software. ITService EOOD operates no service that stores or processes customer data, so there is no provider-side infrastructure, tenant data or tenancy to which this applies.",https://github.com/AxsionDev/Lunos/blob/dev/docs/deployment/self-hosted.md
Identity & Access Management,IAM-02.2,Do you provide metrics to track the speed with which you are able to remove systems access that is no longer required for business purposes?,N/A,"Lunos is self-hosted software. ITService EOOD operates no service that stores or processes customer data, so there is no provider-side infrastructure, tenant data or tenancy to which this applies.",https://github.com/AxsionDev/Lunos/blob/dev/docs/deployment/self-hosted.md
Identity & Access Management,IAM-03.1,Do you use dedicated secure networks to provide management access to your cloud service infrastructure?,N/A,"Lunos is self-hosted software. ITService EOOD operates no service that stores or processes customer data, so there is no provider-side infrastructure, tenant data or tenancy to which this applies.",https://github.com/AxsionDev/Lunos/blob/dev/docs/deployment/self-hosted.md
Identity & Access Management,IAM-04.1,"Do you manage and store the identity of all personnel who have access to the IT infrastructure, including their level of access?",N/A,"Lunos is self-hosted software. ITService EOOD operates no service that stores or processes customer data, so there is no provider-side infrastructure, tenant data or tenancy to which this applies.",https://github.com/AxsionDev/Lunos/blob/dev/docs/deployment/self-hosted.md
Identity & Access Management,IAM-04.2,"Do you manage and store the user identity of all personnel who have network access, including their level of access?",N/A,"Lunos is self-hosted software. ITService EOOD operates no service that stores or processes customer data, so there is no provider-side infrastructure, tenant data or tenancy to which this applies.",https://github.com/AxsionDev/Lunos/blob/dev/docs/deployment/self-hosted.md
Identity & Access Management,IAM-05.1,Do you provide tenants with documentation on how you maintain segregation of duties within your cloud service offering?,N/A,"Lunos is self-hosted software. ITService EOOD operates no service that stores or processes customer data, so there is no provider-side infrastructure, tenant data or tenancy to which this applies.",https://github.com/AxsionDev/Lunos/blob/dev/docs/deployment/self-hosted.md
Identity & Access Management,IAM-06.1,"Are controls in place to prevent unauthorized access to your application, program, or object source code, and assure it is restricted to authorized personnel only?",Partial,Write access to the source repository is restricted to the AxsionDev GitHub organisation's members. Branch protection is not enabled on `dev`.,
Identity & Access Management,IAM-06.2,"Are controls in place to prevent unauthorized access to tenant application, program, or object source code, and assure it is restricted to authorized personnel only?",N/A,Customer source code stays on the customer's machines; ITService EOOD has no access to it.,https://github.com/AxsionDev/Lunos/blob/dev/docs/deployment/self-hosted.md
Identity & Access Management,IAM-07.1,Do you provide multi-failure disaster recovery capability?,N/A,"Lunos is self-hosted software. ITService EOOD operates no service that stores or processes customer data, so there is no provider-side infrastructure, tenant data or tenancy to which this applies.",https://github.com/AxsionDev/Lunos/blob/dev/docs/deployment/self-hosted.md
Identity & Access Management,IAM-07.2,Do you monitor service continuity with upstream providers in the event of provider failure?,N/A,"Lunos is self-hosted software. ITService EOOD operates no service that stores or processes customer data, so there is no provider-side infrastructure, tenant data or tenancy to which this applies.",https://github.com/AxsionDev/Lunos/blob/dev/docs/deployment/self-hosted.md
Identity & Access Management,IAM-07.3,Do you have more than one provider for each service you depend on?,N/A,"Lunos is self-hosted software. ITService EOOD operates no service that stores or processes customer data, so there is no provider-side infrastructure, tenant data or tenancy to which this applies.",https://github.com/AxsionDev/Lunos/blob/dev/docs/deployment/self-hosted.md
Identity & Access Management,IAM-07.4,"Do you provide access to operational redundancy and continuity summaries, including the services you depend on?",N/A,"Lunos is self-hosted software. ITService EOOD operates no service that stores or processes customer data, so there is no provider-side infrastructure, tenant data or tenancy to which this applies.",https://github.com/AxsionDev/Lunos/blob/dev/docs/deployment/self-hosted.md
Identity & Access Management,IAM-07.5,Do you provide the tenant the ability to declare a disaster?,N/A,"Lunos is self-hosted software. ITService EOOD operates no service that stores or processes customer data, so there is no provider-side infrastructure, tenant data or tenancy to which this applies.",https://github.com/AxsionDev/Lunos/blob/dev/docs/deployment/self-hosted.md
Identity & Access Management,IAM-07.6,Do you provide a tenant-triggered failover option?,N/A,"Lunos is self-hosted software. ITService EOOD operates no service that stores or processes customer data, so there is no provider-side infrastructure, tenant data or tenancy to which this applies.",https://github.com/AxsionDev/Lunos/blob/dev/docs/deployment/self-hosted.md
Identity & Access Management,IAM-07.7,Do you share your business continuity and redundancy plans with your tenants?,N/A,"Lunos is self-hosted software. ITService EOOD operates no service that stores or processes customer data, so there is no provider-side infrastructure, tenant data or tenancy to which this applies.",https://github.com/AxsionDev/Lunos/blob/dev/docs/deployment/self-hosted.md
Identity & Access Management,IAM-08.1,Do you document how you grant and approve access to tenant data?,N/A,"Lunos is self-hosted software. ITService EOOD operates no service that stores or processes customer data, so there is no provider-side infrastructure, tenant data or tenancy to which this applies.",https://github.com/AxsionDev/Lunos/blob/dev/docs/deployment/self-hosted.md
Identity & Access Management,IAM-08.2,Do you have a method of aligning provider and tenant data classification methodologies for access control purposes?,N/A,"Lunos is self-hosted software. ITService EOOD operates no service that stores or processes customer data, so there is no provider-side infrastructure, tenant data or tenancy to which this applies.",https://github.com/AxsionDev/Lunos/blob/dev/docs/deployment/self-hosted.md
Identity & Access Management,IAM-09.1,"Does your management provision the authorization and restrictions for user access (e.g., employees, contractors, customers (tenants), business partners, and/or suppliers) prior to their access to data and any owned or managed (physical and virtual) applications, infrastructure systems, and network components?",N/A,"Lunos is self-hosted software. ITService EOOD operates no service that stores or processes customer data, so there is no provider-side infrastructure, tenant data or tenancy to which this applies.",https://github.com/AxsionDev/Lunos/blob/dev/docs/deployment/self-hosted.md
Identity & Access Management,IAM-09.2,"Do you provide upon request user access (e.g., employees, contractors, customers (tenants), business partners and/or suppliers) to data and any owned or managed (physical and virtual) applications, infrastructure systems and network components?",N/A,"Lunos is self-hosted software. ITService EOOD operates no service that stores or processes customer data, so there is no provider-side infrastructure, tenant data or tenancy to which this applies.",https://github.com/AxsionDev/Lunos/blob/dev/docs/deployment/self-hosted.md
Identity & Access Management,IAM-10.1,Do you require at least annual certification of entitlements for all system users and administrators (exclusive of users maintained by your tenants)?,N/A,"Lunos is self-hosted software. ITService EOOD operates no service that stores or processes customer data, so there is no provider-side infrastructure, tenant data or tenancy to which this applies.",https://github.com/AxsionDev/Lunos/blob/dev/docs/deployment/self-hosted.md
Identity & Access Management,IAM-10.2,"If users are found to have inappropriate entitlements, are all remediation and certification actions recorded?",N/A,"Lunos is self-hosted software. ITService EOOD operates no service that stores or processes customer data, so there is no provider-side infrastructure, tenant data or tenancy to which this applies.",https://github.com/AxsionDev/Lunos/blob/dev/docs/deployment/self-hosted.md
Identity & Access Management,IAM-10.3,"Will you share user entitlement remediation and certification reports with your tenants, if inappropriate access may have been allowed to tenant data?",N/A,"Lunos is self-hosted software. ITService EOOD operates no service that stores or processes customer data, so there is no provider-side infrastructure, tenant data or tenancy to which this applies.",https://github.com/AxsionDev/Lunos/blob/dev/docs/deployment/self-hosted.md
Identity & Access Management,IAM-11.1,"Is timely deprovisioning, revocation, or modification of user access to the organizations systems, information assets, and data implemented upon any change in status of employees, contractors, customers, business partners, or involved third parties?",N/A,"Lunos is self-hosted software. ITService EOOD operates no service that stores or processes customer data, so there is no provider-side infrastructure, tenant data or tenancy to which this applies.",https://github.com/AxsionDev/Lunos/blob/dev/docs/deployment/self-hosted.md
Identity & Access Management,IAM-11.2,"Is any change in user access status intended to include termination of employment, contract or agreement, change of employment or transfer within the organization?",N/A,"Lunos is self-hosted software. ITService EOOD operates no service that stores or processes customer data, so there is no provider-side infrastructure, tenant data or tenancy to which this applies.",https://github.com/AxsionDev/Lunos/blob/dev/docs/deployment/self-hosted.md
Identity & Access Management,IAM-12.1,"Do you support use of, or integration with, existing customer-based Single Sign On (SSO) solutions to your service?",N/A,Lunos has no user login to integrate SSO with. The admin-console/SSO decision is recorded in specs/admin-console-sso.md (deferred).,https://github.com/AxsionDev/Lunos/blob/dev/packages/opencode/specs/admin-console-sso.md
Identity & Access Management,IAM-12.2,Do you use open standards to delegate authentication capabilities to your tenants?,N/A,"Lunos is self-hosted software. ITService EOOD operates no service that stores or processes customer data, so there is no provider-side infrastructure, tenant data or tenancy to which this applies.",https://github.com/AxsionDev/Lunos/blob/dev/docs/deployment/self-hosted.md
Identity & Access Management,IAM-12.3,"Do you support identity federation standards (e.g., SAML, SPML, WS-Federation, etc.) as a means of authenticating/authorizing users?",N/A,"Lunos is self-hosted software. ITService EOOD operates no service that stores or processes customer data, so there is no provider-side infrastructure, tenant data or tenancy to which this applies.",https://github.com/AxsionDev/Lunos/blob/dev/docs/deployment/self-hosted.md
Identity & Access Management,IAM-12.4,"Do you have a Policy Enforcement Point capability (e.g., XACML) to enforce regional legal and policy constraints on user access?",N/A,"Lunos is self-hosted software. ITService EOOD operates no service that stores or processes customer data, so there is no provider-side infrastructure, tenant data or tenancy to which this applies.",https://github.com/AxsionDev/Lunos/blob/dev/docs/deployment/self-hosted.md
Identity & Access Management,IAM-12.5,Do you have an identity management system (enabling classification of data for a tenant) in place to enable both role-based and context-based entitlement to data?,N/A,"Lunos is self-hosted software. ITService EOOD operates no service that stores or processes customer data, so there is no provider-side infrastructure, tenant data or tenancy to which this applies.",https://github.com/AxsionDev/Lunos/blob/dev/docs/deployment/self-hosted.md
Identity & Access Management,IAM-12.6,"Do you provide tenants with strong (multifactor) authentication options (e.g., digital certs, tokens, biometrics, etc.) for user access?",N/A,"Lunos is self-hosted software. ITService EOOD operates no service that stores or processes customer data, so there is no provider-side infrastructure, tenant data or tenancy to which this applies.",https://github.com/AxsionDev/Lunos/blob/dev/docs/deployment/self-hosted.md
Identity & Access Management,IAM-12.7,Do you allow tenants to use third-party identity assurance services?,N/A,"Lunos is self-hosted software. ITService EOOD operates no service that stores or processes customer data, so there is no provider-side infrastructure, tenant data or tenancy to which this applies.",https://github.com/AxsionDev/Lunos/blob/dev/docs/deployment/self-hosted.md
Identity & Access Management,IAM-12.8,"Do you support password (e.g., minimum length, age, history, complexity) and account lockout (e.g., lockout threshold, lockout duration) policy enforcement?",N/A,"Lunos is self-hosted software. ITService EOOD operates no service that stores or processes customer data, so there is no provider-side infrastructure, tenant data or tenancy to which this applies.",https://github.com/AxsionDev/Lunos/blob/dev/docs/deployment/self-hosted.md
Identity & Access Management,IAM-12.9,Do you allow tenants/customers to define password and account lockout policies for their accounts?,N/A,"Lunos is self-hosted software. ITService EOOD operates no service that stores or processes customer data, so there is no provider-side infrastructure, tenant data or tenancy to which this applies.",https://github.com/AxsionDev/Lunos/blob/dev/docs/deployment/self-hosted.md
Identity & Access Management,IAM-12.10,Do you support the ability to force password changes upon first logon?,N/A,"Lunos is self-hosted software. ITService EOOD operates no service that stores or processes customer data, so there is no provider-side infrastructure, tenant data or tenancy to which this applies.",https://github.com/AxsionDev/Lunos/blob/dev/docs/deployment/self-hosted.md
Identity & Access Management,IAM-12.11,"Do you have mechanisms in place for unlocking accounts that have been locked out (e.g., self-service via email, defined challenge questions, manual unlock)?",N/A,"Lunos is self-hosted software. ITService EOOD operates no service that stores or processes customer data, so there is no provider-side infrastructure, tenant data or tenancy to which this applies.",https://github.com/AxsionDev/Lunos/blob/dev/docs/deployment/self-hosted.md
Identity & Access Management,IAM-13.1,"Are utilities that can significantly manage virtualized partitions (e.g., shutdown, clone, etc.) appropriately restricted and monitored?",N/A,"Lunos is self-hosted software. ITService EOOD operates no service that stores or processes customer data, so there is no provider-side infrastructure, tenant data or tenancy to which this applies.",https://github.com/AxsionDev/Lunos/blob/dev/docs/deployment/self-hosted.md
Identity & Access Management,IAM-13.2,"Do you have the capability to detect attacks that target the virtual infrastructure directly (e.g., shimming, Blue Pill, Hyper jumping, etc.)?",N/A,"Lunos is self-hosted software. ITService EOOD operates no service that stores or processes customer data, so there is no provider-side infrastructure, tenant data or tenancy to which this applies.",https://github.com/AxsionDev/Lunos/blob/dev/docs/deployment/self-hosted.md
Identity & Access Management,IAM-13.3,Are attacks that target the virtual infrastructure prevented with technical controls?,N/A,"Lunos is self-hosted software. ITService EOOD operates no service that stores or processes customer data, so there is no provider-side infrastructure, tenant data or tenancy to which this applies.",https://github.com/AxsionDev/Lunos/blob/dev/docs/deployment/self-hosted.md
Infrastructure & Virtualization Security,IVS-01.1,"Are file integrity (host) and network intrusion detection (IDS) tools implemented to help facilitate timely detection, investigation by root cause analysis, and response to incidents?",N/A,"Lunos is self-hosted software. ITService EOOD operates no service that stores or processes customer data, so there is no provider-side infrastructure, tenant data or tenancy to which this applies.",https://github.com/AxsionDev/Lunos/blob/dev/docs/deployment/self-hosted.md
Infrastructure & Virtualization Security,IVS-01.2,Is physical and logical user access to audit logs restricted to authorized personnel?,N/A,"The audit log is a local file on the customer's machine, under the customer's access controls.",https://github.com/AxsionDev/Lunos/blob/dev/docs/audit-log.md
Infrastructure & Virtualization Security,IVS-01.3,Can you provide evidence that due diligence mapping of regulations and standards to your controls/architecture/processes has been done?,N/A,"Lunos is self-hosted software. ITService EOOD operates no service that stores or processes customer data, so there is no provider-side infrastructure, tenant data or tenancy to which this applies.",https://github.com/AxsionDev/Lunos/blob/dev/docs/deployment/self-hosted.md
Infrastructure & Virtualization Security,IVS-01.4,Are audit logs centrally stored and retained?,N/A,"No Lunos-operated service produces audit logs. For customers: the product writes a local, hash-chained audit log the customer controls, and can forward it to the customer's SIEM (from v1.18.40). v1.18.39 and earlier record model calls and share uploads only, when a residency policy is set.",https://github.com/AxsionDev/Lunos/blob/dev/docs/audit-log.md
Infrastructure & Virtualization Security,IVS-01.5,"Are audit logs reviewed on a regular basis for security events (e.g., with automated tools)?",N/A,The audit log is the customer's; reviewing it is the customer's process. `lunos audit verify` checks its integrity (from v1.18.40).,https://github.com/AxsionDev/Lunos/blob/dev/docs/audit-log.md
Infrastructure & Virtualization Security,IVS-02.1,"Do you log and alert any changes made to virtual machine images regardless of their running state (e.g., dormant, off or running)?",N/A,"Lunos is self-hosted software. ITService EOOD operates no service that stores or processes customer data, so there is no provider-side infrastructure, tenant data or tenancy to which this applies.",https://github.com/AxsionDev/Lunos/blob/dev/docs/deployment/self-hosted.md
Infrastructure & Virtualization Security,IVS-02.2,"Are changes made to virtual machines, or moving of an image and subsequent validation of the image's integrity, made immediately available to customers through electronic methods (e.g., portals or alerts)?",N/A,"Lunos is self-hosted software. ITService EOOD operates no service that stores or processes customer data, so there is no provider-side infrastructure, tenant data or tenancy to which this applies.",https://github.com/AxsionDev/Lunos/blob/dev/docs/deployment/self-hosted.md
Infrastructure & Virtualization Security,IVS-03.1,"Do you use a synchronized time-service protocol (e.g., NTP) to ensure all systems have a common time reference?",N/A,"Lunos is self-hosted software. ITService EOOD operates no service that stores or processes customer data, so there is no provider-side infrastructure, tenant data or tenancy to which this applies.",https://github.com/AxsionDev/Lunos/blob/dev/docs/deployment/self-hosted.md
Infrastructure & Virtualization Security,IVS-04.1,"Do you provide documentation regarding what levels of system (e.g., network, storage, memory, I/O, etc.) oversubscription you maintain and under what circumstances/scenarios?",N/A,"Lunos is self-hosted software. ITService EOOD operates no service that stores or processes customer data, so there is no provider-side infrastructure, tenant data or tenancy to which this applies.",https://github.com/AxsionDev/Lunos/blob/dev/docs/deployment/self-hosted.md
Infrastructure & Virtualization Security,IVS-04.2,Do you restrict use of the memory oversubscription capabilities present in the hypervisor?,N/A,"Lunos is self-hosted software. ITService EOOD operates no service that stores or processes customer data, so there is no provider-side infrastructure, tenant data or tenancy to which this applies.",https://github.com/AxsionDev/Lunos/blob/dev/docs/deployment/self-hosted.md
Infrastructure & Virtualization Security,IVS-04.3,"Do your system capacity requirements take into account current, projected, and anticipated capacity needs for all systems used to provide services to the tenants?",N/A,"Lunos is self-hosted software. ITService EOOD operates no service that stores or processes customer data, so there is no provider-side infrastructure, tenant data or tenancy to which this applies.",https://github.com/AxsionDev/Lunos/blob/dev/docs/deployment/self-hosted.md
Infrastructure & Virtualization Security,IVS-04.4,"Is system performance monitored and tuned in order to continuously meet regulatory, contractual, and business requirements for all the systems used to provide services to the tenants?",N/A,"Lunos is self-hosted software. ITService EOOD operates no service that stores or processes customer data, so there is no provider-side infrastructure, tenant data or tenancy to which this applies.",https://github.com/AxsionDev/Lunos/blob/dev/docs/deployment/self-hosted.md
Infrastructure & Virtualization Security,IVS-05.1,"Do security vulnerability assessment tools or services accommodate the virtualization technologies being used (e.g., virtualization aware)?",N/A,"Lunos is self-hosted software. ITService EOOD operates no service that stores or processes customer data, so there is no provider-side infrastructure, tenant data or tenancy to which this applies.",https://github.com/AxsionDev/Lunos/blob/dev/docs/deployment/self-hosted.md
Infrastructure & Virtualization Security,IVS-06.1,"For your IaaS offering, do you provide customers with guidance on how to create a layered security architecture equivalence using your virtualized solution?",N/A,"Lunos is self-hosted software. ITService EOOD operates no service that stores or processes customer data, so there is no provider-side infrastructure, tenant data or tenancy to which this applies.",https://github.com/AxsionDev/Lunos/blob/dev/docs/deployment/self-hosted.md
Infrastructure & Virtualization Security,IVS-06.2,Do you regularly update network architecture diagrams that include data flows between security domains/zones?,N/A,"Lunos is self-hosted software. ITService EOOD operates no service that stores or processes customer data, so there is no provider-side infrastructure, tenant data or tenancy to which this applies.",https://github.com/AxsionDev/Lunos/blob/dev/docs/deployment/self-hosted.md
Infrastructure & Virtualization Security,IVS-06.3,"Do you regularly review for appropriateness the allowed access/connectivity (e.g., firewall rules) between security domains/zones within the network?",N/A,"Lunos is self-hosted software. ITService EOOD operates no service that stores or processes customer data, so there is no provider-side infrastructure, tenant data or tenancy to which this applies.",https://github.com/AxsionDev/Lunos/blob/dev/docs/deployment/self-hosted.md
Infrastructure & Virtualization Security,IVS-06.4,Are all firewall access control lists documented with business justification?,N/A,"Lunos is self-hosted software. ITService EOOD operates no service that stores or processes customer data, so there is no provider-side infrastructure, tenant data or tenancy to which this applies.",https://github.com/AxsionDev/Lunos/blob/dev/docs/deployment/self-hosted.md
Infrastructure & Virtualization Security,IVS-07.1,"Are operating systems hardened to provide only the necessary ports, protocols, and services to meet business needs using technical controls (e.g., antivirus, file integrity monitoring, and logging) as part of their baseline build standard or template?",N/A,"Lunos is self-hosted software. ITService EOOD operates no service that stores or processes customer data, so there is no provider-side infrastructure, tenant data or tenancy to which this applies.",https://github.com/AxsionDev/Lunos/blob/dev/docs/deployment/self-hosted.md
Infrastructure & Virtualization Security,IVS-08.1,"For your SaaS or PaaS offering, do you provide tenants with separate environments for production and test processes?",N/A,"Lunos is self-hosted software. ITService EOOD operates no service that stores or processes customer data, so there is no provider-side infrastructure, tenant data or tenancy to which this applies.",https://github.com/AxsionDev/Lunos/blob/dev/docs/deployment/self-hosted.md
Infrastructure & Virtualization Security,IVS-08.2,"For your IaaS offering, do you provide tenants with guidance on how to create suitable production and test environments?",N/A,"Lunos is self-hosted software. ITService EOOD operates no service that stores or processes customer data, so there is no provider-side infrastructure, tenant data or tenancy to which this applies.",https://github.com/AxsionDev/Lunos/blob/dev/docs/deployment/self-hosted.md
Infrastructure & Virtualization Security,IVS-08.3,Do you logically and physically segregate production and non-production environments?,N/A,"Lunos is self-hosted software. ITService EOOD operates no service that stores or processes customer data, so there is no provider-side infrastructure, tenant data or tenancy to which this applies.",https://github.com/AxsionDev/Lunos/blob/dev/docs/deployment/self-hosted.md
Infrastructure & Virtualization Security,IVS-09.1,Are system and network environments protected by a firewall or virtual firewall to ensure business and customer security requirements?,N/A,"Lunos is self-hosted software. ITService EOOD operates no service that stores or processes customer data, so there is no provider-side infrastructure, tenant data or tenancy to which this applies.",https://github.com/AxsionDev/Lunos/blob/dev/docs/deployment/self-hosted.md
Infrastructure & Virtualization Security,IVS-09.2,"Are system and network environments protected by a firewall or virtual firewall to ensure compliance with legislative, regulatory, and contractual requirements?",N/A,"Lunos is self-hosted software. ITService EOOD operates no service that stores or processes customer data, so there is no provider-side infrastructure, tenant data or tenancy to which this applies.",https://github.com/AxsionDev/Lunos/blob/dev/docs/deployment/self-hosted.md
Infrastructure & Virtualization Security,IVS-09.3,Are system and network environments protected by a firewall or virtual firewall to ensure separation of production and non-production environments?,N/A,"Lunos is self-hosted software. ITService EOOD operates no service that stores or processes customer data, so there is no provider-side infrastructure, tenant data or tenancy to which this applies.",https://github.com/AxsionDev/Lunos/blob/dev/docs/deployment/self-hosted.md
Infrastructure & Virtualization Security,IVS-09.4,Are system and network environments protected by a firewall or virtual firewall to ensure protection and isolation of sensitive data?,N/A,"Lunos is self-hosted software. ITService EOOD operates no service that stores or processes customer data, so there is no provider-side infrastructure, tenant data or tenancy to which this applies.",https://github.com/AxsionDev/Lunos/blob/dev/docs/deployment/self-hosted.md
Infrastructure & Virtualization Security,IVS-10.1,"Are secured and encrypted communication channels used when migrating physical servers, applications, or data to virtual servers?",N/A,"Lunos is self-hosted software. ITService EOOD operates no service that stores or processes customer data, so there is no provider-side infrastructure, tenant data or tenancy to which this applies.",https://github.com/AxsionDev/Lunos/blob/dev/docs/deployment/self-hosted.md
Infrastructure & Virtualization Security,IVS-10.2,"Do you use a network segregated from production-level networks when migrating physical servers, applications, or data to virtual servers?",N/A,"Lunos is self-hosted software. ITService EOOD operates no service that stores or processes customer data, so there is no provider-side infrastructure, tenant data or tenancy to which this applies.",https://github.com/AxsionDev/Lunos/blob/dev/docs/deployment/self-hosted.md
Infrastructure & Virtualization Security,IVS-11.1,"Do you restrict personnel access to all hypervisor management functions or administrative consoles for systems hosting virtualized systems based on the principle of least privilege and supported through technical controls (e.g., two-factor authentication, audit trails, IP address filtering, firewalls and TLS-encapsulated communications to the administrative consoles)?",N/A,"Lunos is self-hosted software. ITService EOOD operates no service that stores or processes customer data, so there is no provider-side infrastructure, tenant data or tenancy to which this applies.",https://github.com/AxsionDev/Lunos/blob/dev/docs/deployment/self-hosted.md
Infrastructure & Virtualization Security,IVS-12.1,Are policies and procedures established and mechanisms configured and implemented to protect the wireless network environment perimeter and to restrict unauthorized wireless traffic?,N/A,"Lunos is self-hosted software. ITService EOOD operates no service that stores or processes customer data, so there is no provider-side infrastructure, tenant data or tenancy to which this applies.",https://github.com/AxsionDev/Lunos/blob/dev/docs/deployment/self-hosted.md
Infrastructure & Virtualization Security,IVS-12.2,"Are policies and procedures established and mechanisms implemented to ensure wireless security settings are enabled with strong encryption for authentication and transmission, replacing vendor default settings (e.g., encryption keys, passwords, SNMP community strings)?",N/A,"Lunos is self-hosted software. ITService EOOD operates no service that stores or processes customer data, so there is no provider-side infrastructure, tenant data or tenancy to which this applies.",https://github.com/AxsionDev/Lunos/blob/dev/docs/deployment/self-hosted.md
Infrastructure & Virtualization Security,IVS-12.3,Are policies and procedures established and mechanisms implemented to protect wireless network environments and detect the presence of unauthorized (rogue) network devices for a timely disconnect from the network?,N/A,"Lunos is self-hosted software. ITService EOOD operates no service that stores or processes customer data, so there is no provider-side infrastructure, tenant data or tenancy to which this applies.",https://github.com/AxsionDev/Lunos/blob/dev/docs/deployment/self-hosted.md
Infrastructure & Virtualization Security,IVS-13.1,Do your network architecture diagrams clearly identify high-risk environments and data flows that may have legal compliance impacts?,N/A,"Lunos is self-hosted software. ITService EOOD operates no service that stores or processes customer data, so there is no provider-side infrastructure, tenant data or tenancy to which this applies.",https://github.com/AxsionDev/Lunos/blob/dev/docs/deployment/self-hosted.md
Infrastructure & Virtualization Security,IVS-13.2,"Do you implement technical measures and apply defense-in-depth techniques (e.g., deep packet analysis, traffic throttling and black-holing) for detection and timely response to network-based attacks associated with anomalous ingress or egress traffic patterns (e.g., MAC spoofing and ARP poisoning attacks) and/or distributed denial-of-service (DDoS) attacks?",N/A,"Lunos is self-hosted software. ITService EOOD operates no service that stores or processes customer data, so there is no provider-side infrastructure, tenant data or tenancy to which this applies.",https://github.com/AxsionDev/Lunos/blob/dev/docs/deployment/self-hosted.md
Interoperability & Portability,IPY-01.1,Do you publish a list of all APIs available in the service and indicate which are standard and which are customized?,Yes,The local HTTP API is published as an OpenAPI document.,https://github.com/AxsionDev/Lunos/blob/dev/packages/sdk/openapi.json
Interoperability & Portability,IPY-02.1,"Is unstructured customer data available on request in an industry-standard format (e.g., .doc, .xls, or .pdf)?",Yes,All data is local files on the customer's machine; a session can be exported as JSON with the `export` command.,https://github.com/AxsionDev/Lunos/blob/dev/packages/web/src/content/docs/cli.mdx#export
Interoperability & Portability,IPY-03.1,Do you provide policies and procedures (i.e. service level agreements) governing the use of APIs for interoperability between your service and third-party applications?,N/A,There is no service agreement: Lunos is MIT-licensed software the customer runs.,
Interoperability & Portability,IPY-03.2,Do you provide policies and procedures (i.e. service level agreements) governing the migration of application data to and from your service?,N/A,Same as IPY-03.1.,
Interoperability & Portability,IPY-04.1,"Can data import, data export, and service management be conducted over secure (e.g., non-clear text and authenticated), industry accepted standardized network protocols?",N/A,Data is not imported to or exported from a Lunos-operated service.,
Interoperability & Portability,IPY-04.2,Do you provide consumers (tenants) with documentation detailing the relevant interoperability and portability network protocol standards that are involved?,N/A,Same as IPY-04.1.,
Interoperability & Portability,IPY-05.1,"Do you use an industry-recognized virtualization platform and standard virtualization formats (e.g., OVF) to help ensure interoperability?",N/A,"Lunos is self-hosted software. ITService EOOD operates no service that stores or processes customer data, so there is no provider-side infrastructure, tenant data or tenancy to which this applies.",https://github.com/AxsionDev/Lunos/blob/dev/docs/deployment/self-hosted.md
Interoperability & Portability,IPY-05.2,"Do you have documented custom changes made to any hypervisor in use, and all solution-specific virtualization hooks available for customer review?",N/A,"Lunos is self-hosted software. ITService EOOD operates no service that stores or processes customer data, so there is no provider-side infrastructure, tenant data or tenancy to which this applies.",https://github.com/AxsionDev/Lunos/blob/dev/docs/deployment/self-hosted.md
Mobile Security,MOS-01.1,Do you provide anti-malware training specific to mobile devices as part of your information security awareness training?,Axsion to answer,An organisational policy of ITService EOOD. Not documented in the Lunos repository; to be answered by Axsion.,
Mobile Security,MOS-02.1,Do you document and make available lists of approved application stores for mobile devices accessing or storing company data and/or company systems?,Axsion to answer,An organisational policy of ITService EOOD. Not documented in the Lunos repository; to be answered by Axsion.,
Mobile Security,MOS-03.1,"Do you have a policy enforcement capability (e.g., XACML) to ensure that only approved applications and those from approved application stores can be loaded onto a mobile device?",Axsion to answer,An organisational policy of ITService EOOD. Not documented in the Lunos repository; to be answered by Axsion.,
Mobile Security,MOS-04.1,Does your BYOD policy and training clearly state which applications and applications stores are approved for use on BYOD devices?,Axsion to answer,An organisational policy of ITService EOOD. Not documented in the Lunos repository; to be answered by Axsion.,
Mobile Security,MOS-05.1,Do you have a documented mobile device policy in your employee training that clearly defines mobile devices and the accepted usage and requirements for mobile devices?,Axsion to answer,An organisational policy of ITService EOOD. Not documented in the Lunos repository; to be answered by Axsion.,
Mobile Security,MOS-06.1,Do you have a documented list of pre-approved cloud based services that are allowed to be used for use and storage of company business data via a mobile device?,Axsion to answer,An organisational policy of ITService EOOD. Not documented in the Lunos repository; to be answered by Axsion.,
Mobile Security,MOS-07.1,"Do you have a documented application validation process for testing device, operating system, and application compatibility issues?",Axsion to answer,An organisational policy of ITService EOOD. Not documented in the Lunos repository; to be answered by Axsion.,
Mobile Security,MOS-08.1,Do you have a BYOD policy that defines the device(s) and eligibility requirements allowed for BYOD usage?,Axsion to answer,An organisational policy of ITService EOOD. Not documented in the Lunos repository; to be answered by Axsion.,
Mobile Security,MOS-09.1,"Do you maintain an inventory of all mobile devices storing and accessing company data which includes device status (e.g., operating system and patch levels, lost or decommissioned, device assignee)?",Axsion to answer,An organisational policy of ITService EOOD. Not documented in the Lunos repository; to be answered by Axsion.,
Mobile Security,MOS-10.1,"Do you have a centralized mobile device management solution deployed to all mobile devices that are permitted to store, transmit, or process company data?",Axsion to answer,An organisational policy of ITService EOOD. Not documented in the Lunos repository; to be answered by Axsion.,
Mobile Security,MOS-11.1,Does your mobile device policy require the use of encryption for either the entire device or for data identified as sensitive enforceable through technology controls for all mobile devices?,Axsion to answer,An organisational policy of ITService EOOD. Not documented in the Lunos repository; to be answered by Axsion.,
Mobile Security,MOS-12.1,"Does your mobile device policy prohibit the circumvention of built-in security controls on mobile devices (e.g., jailbreaking or rooting)?",Axsion to answer,An organisational policy of ITService EOOD. Not documented in the Lunos repository; to be answered by Axsion.,
Mobile Security,MOS-12.2,Do you have detective and preventative controls on the device or via a centralized device management system which prohibit the circumvention of built-in security controls?,Axsion to answer,An organisational policy of ITService EOOD. Not documented in the Lunos repository; to be answered by Axsion.,
Mobile Security,MOS-13.1,"Does your BYOD policy clearly define the expectation of privacy, requirements for litigation, e-discovery, and legal holds?",Axsion to answer,An organisational policy of ITService EOOD. Not documented in the Lunos repository; to be answered by Axsion.,
Mobile Security,MOS-13.2,Do you have detective and preventative controls on the device or via a centralized device management system which prohibit the circumvention of built-in security controls?,Axsion to answer,An organisational policy of ITService EOOD. Not documented in the Lunos repository; to be answered by Axsion.,
Mobile Security,MOS-14.1,Do you require and enforce via technical controls an automatic lockout screen for BYOD and company owned devices?,Axsion to answer,An organisational policy of ITService EOOD. Not documented in the Lunos repository; to be answered by Axsion.,
Mobile Security,MOS-15.1,"Do you manage all changes to mobile device operating systems, patch levels, and applications via your company's change management processes?",Axsion to answer,An organisational policy of ITService EOOD. Not documented in the Lunos repository; to be answered by Axsion.,
Mobile Security,MOS-16.1,Do you have password policies for enterprise issued mobile devices and/or BYOD mobile devices?,Axsion to answer,An organisational policy of ITService EOOD. Not documented in the Lunos repository; to be answered by Axsion.,
Mobile Security,MOS-16.2,Are your password policies enforced through technical controls (i.e. MDM)?,Axsion to answer,An organisational policy of ITService EOOD. Not documented in the Lunos repository; to be answered by Axsion.,
Mobile Security,MOS-16.3,Do your password policies prohibit the changing of authentication requirements (i.e. password/PIN length) via a mobile device?,Axsion to answer,An organisational policy of ITService EOOD. Not documented in the Lunos repository; to be answered by Axsion.,
Mobile Security,MOS-17.1,Do you have a policy that requires BYOD users to perform backups of specified corporate data?,Axsion to answer,An organisational policy of ITService EOOD. Not documented in the Lunos repository; to be answered by Axsion.,
Mobile Security,MOS-17.2,Do you have a policy that requires BYOD users to prohibit the usage of unapproved application stores?,Axsion to answer,An organisational policy of ITService EOOD. Not documented in the Lunos repository; to be answered by Axsion.,
Mobile Security,MOS-17.3,Do you have a policy that requires BYOD users to use anti-malware software (where supported)?,Axsion to answer,An organisational policy of ITService EOOD. Not documented in the Lunos repository; to be answered by Axsion.,
Mobile Security,MOS-18.1,Does your IT provide remote wipe or corporate data wipe for all company-accepted BYOD devices?,Axsion to answer,An organisational policy of ITService EOOD. Not documented in the Lunos repository; to be answered by Axsion.,
Mobile Security,MOS-18.2,Does your IT provide remote wipe or corporate data wipe for all company-assigned mobile devices?,Axsion to answer,An organisational policy of ITService EOOD. Not documented in the Lunos repository; to be answered by Axsion.,
Mobile Security,MOS-19.1,Do your mobile devices have the latest available security-related patches installed upon general release by the device manufacturer or carrier?,Axsion to answer,An organisational policy of ITService EOOD. Not documented in the Lunos repository; to be answered by Axsion.,
Mobile Security,MOS-19.2,Do your mobile devices allow for remote validation to download the latest security patches by company IT personnel?,Axsion to answer,An organisational policy of ITService EOOD. Not documented in the Lunos repository; to be answered by Axsion.,
Mobile Security,MOS-20.1,Does your BYOD policy clarify the systems and servers allowed for use or access on the BYOD-enabled device?,Axsion to answer,An organisational policy of ITService EOOD. Not documented in the Lunos repository; to be answered by Axsion.,
Mobile Security,MOS-20.2,Does your BYOD policy specify the user roles that are allowed access via a BYOD-enabled device?,Axsion to answer,An organisational policy of ITService EOOD. Not documented in the Lunos repository; to be answered by Axsion.,
"Security Incident Management, E-Discovery, & Cloud Forensics",SEF-01.1,Do you maintain liaisons and points of contact with local authorities in accordance with contracts and appropriate regulations?,Axsion to answer,An organisational policy of ITService EOOD. Not documented in the Lunos repository; to be answered by Axsion.,
"Security Incident Management, E-Discovery, & Cloud Forensics",SEF-02.1,Do you have a documented security incident response plan?,Partial,"A vulnerability-handling process (intake, assessment, remediation, release, disclosure) is documented. There is no incident-response plan for a service, because none is operated.",https://github.com/AxsionDev/Lunos/blob/dev/SECURITY.md#vulnerability-handling-process
"Security Incident Management, E-Discovery, & Cloud Forensics",SEF-02.2,Do you integrate customized tenant requirements into your security incident response plans?,N/A,"Lunos is self-hosted software. ITService EOOD operates no service that stores or processes customer data, so there is no provider-side infrastructure, tenant data or tenancy to which this applies.",https://github.com/AxsionDev/Lunos/blob/dev/docs/deployment/self-hosted.md
"Security Incident Management, E-Discovery, & Cloud Forensics",SEF-02.3,Do you publish a roles and responsibilities document specifying what you vs. your tenants are responsible for during security incidents?,Yes,Responsibilities are documented: the customer operates Lunos; ITService EOOD handles vulnerabilities in the software.,https://github.com/AxsionDev/Lunos/blob/dev/SECURITY.md
"Security Incident Management, E-Discovery, & Cloud Forensics",SEF-02.4,Have you tested your security incident response plans in the last year?,N/A,"Lunos is self-hosted software. ITService EOOD operates no service that stores or processes customer data, so there is no provider-side infrastructure, tenant data or tenancy to which this applies.",https://github.com/AxsionDev/Lunos/blob/dev/docs/deployment/self-hosted.md
"Security Incident Management, E-Discovery, & Cloud Forensics",SEF-03.1,"Does your security information and event management (SIEM) system merge data sources (e.g., app logs, firewall logs, IDS logs, physical access logs, etc.) for granular analysis and alerting?",N/A,No provider-side SIEM exists. The product can forward its audit log to the customer's SIEM (syslog or OTLP) (from v1.18.40).,https://github.com/AxsionDev/Lunos/blob/dev/docs/audit-log.md#forwarding-to-a-siem
"Security Incident Management, E-Discovery, & Cloud Forensics",SEF-03.2,Does your logging and monitoring framework allow isolation of an incident to specific tenants?,N/A,"Lunos is self-hosted software. ITService EOOD operates no service that stores or processes customer data, so there is no provider-side infrastructure, tenant data or tenancy to which this applies.",https://github.com/AxsionDev/Lunos/blob/dev/docs/deployment/self-hosted.md
"Security Incident Management, E-Discovery, & Cloud Forensics",SEF-04.1,Does your incident response plan comply with industry standards for legally admissible chain-of-custody management processes and controls?,N/A,"Lunos is self-hosted software. ITService EOOD operates no service that stores or processes customer data, so there is no provider-side infrastructure, tenant data or tenancy to which this applies.",https://github.com/AxsionDev/Lunos/blob/dev/docs/deployment/self-hosted.md
"Security Incident Management, E-Discovery, & Cloud Forensics",SEF-04.2,Does your incident response capability include the use of legally admissible forensic data collection and analysis techniques?,N/A,"Lunos is self-hosted software. ITService EOOD operates no service that stores or processes customer data, so there is no provider-side infrastructure, tenant data or tenancy to which this applies.",https://github.com/AxsionDev/Lunos/blob/dev/docs/deployment/self-hosted.md
"Security Incident Management, E-Discovery, & Cloud Forensics",SEF-04.3,Are you capable of supporting litigation holds (freeze of data from a specific point in time) for a specific tenant without freezing other tenant data?,N/A,"Lunos is self-hosted software. ITService EOOD operates no service that stores or processes customer data, so there is no provider-side infrastructure, tenant data or tenancy to which this applies.",https://github.com/AxsionDev/Lunos/blob/dev/docs/deployment/self-hosted.md
"Security Incident Management, E-Discovery, & Cloud Forensics",SEF-04.4,Do you enforce and attest to tenant data separation when producing data in response to legal subpoenas?,N/A,"Lunos is self-hosted software. ITService EOOD operates no service that stores or processes customer data, so there is no provider-side infrastructure, tenant data or tenancy to which this applies.",https://github.com/AxsionDev/Lunos/blob/dev/docs/deployment/self-hosted.md
"Security Incident Management, E-Discovery, & Cloud Forensics",SEF-05.1,"Do you monitor and quantify the types, volumes, and impacts on all information security incidents?",N/A,"Lunos is self-hosted software. ITService EOOD operates no service that stores or processes customer data, so there is no provider-side infrastructure, tenant data or tenancy to which this applies.",https://github.com/AxsionDev/Lunos/blob/dev/docs/deployment/self-hosted.md
"Security Incident Management, E-Discovery, & Cloud Forensics",SEF-05.2,Will you share statistical information for security incident data with your tenants upon request?,N/A,"Lunos is self-hosted software. ITService EOOD operates no service that stores or processes customer data, so there is no provider-side infrastructure, tenant data or tenancy to which this applies.",https://github.com/AxsionDev/Lunos/blob/dev/docs/deployment/self-hosted.md
"Supply Chain Management, Transparency, and Accountability",STA-01.1,"Do you inspect and account for data quality errors and associated risks, and work with your cloud supply-chain partners to correct them?",N/A,"Lunos is self-hosted software. ITService EOOD operates no service that stores or processes customer data, so there is no provider-side infrastructure, tenant data or tenancy to which this applies.",https://github.com/AxsionDev/Lunos/blob/dev/docs/deployment/self-hosted.md
"Supply Chain Management, Transparency, and Accountability",STA-01.2,"Do you design and implement controls to mitigate and contain data security risks through proper separation of duties, role-based access, and least-privileged access for all personnel within your supply chain?",Axsion to answer,An organisational policy of ITService EOOD. Not documented in the Lunos repository; to be answered by Axsion.,
"Supply Chain Management, Transparency, and Accountability",STA-02.1,"Do you make security incident information available to all affected customers and providers periodically through electronic methods (e.g., portals)?",Yes,Security fixes are disclosed through public GitHub Security Advisories once a fixed release is available.,https://github.com/AxsionDev/Lunos/blob/dev/SECURITY.md
"Supply Chain Management, Transparency, and Accountability",STA-03.1,Do you collect capacity and use data for all relevant components of your cloud service offering?,N/A,"Lunos is self-hosted software. ITService EOOD operates no service that stores or processes customer data, so there is no provider-side infrastructure, tenant data or tenancy to which this applies.",https://github.com/AxsionDev/Lunos/blob/dev/docs/deployment/self-hosted.md
"Supply Chain Management, Transparency, and Accountability",STA-03.2,Do you provide tenants with capacity planning and use reports?,N/A,"Lunos is self-hosted software. ITService EOOD operates no service that stores or processes customer data, so there is no provider-side infrastructure, tenant data or tenancy to which this applies.",https://github.com/AxsionDev/Lunos/blob/dev/docs/deployment/self-hosted.md
"Supply Chain Management, Transparency, and Accountability",STA-04.1,"Do you perform annual internal assessments of conformance and effectiveness of your policies, procedures, and supporting measures and metrics?",Axsion to answer,An organisational policy of ITService EOOD. Not documented in the Lunos repository; to be answered by Axsion.,
"Supply Chain Management, Transparency, and Accountability",STA-05.1,"Do you select and monitor outsourced providers in compliance with laws in the country where the data is processed, stored, and transmitted?",Axsion to answer,An organisational policy of ITService EOOD. Not documented in the Lunos repository; to be answered by Axsion.,
"Supply Chain Management, Transparency, and Accountability",STA-05.2,Do you select and monitor outsourced providers in compliance with laws in the country where the data originates?,Axsion to answer,An organisational policy of ITService EOOD. Not documented in the Lunos repository; to be answered by Axsion.,
"Supply Chain Management, Transparency, and Accountability",STA-05.3,Does legal counsel review all third-party agreements?,Axsion to answer,An organisational policy of ITService EOOD. Not documented in the Lunos repository; to be answered by Axsion.,
"Supply Chain Management, Transparency, and Accountability",STA-05.4,Do third-party agreements include provision for the security and protection of information and assets?,Axsion to answer,An organisational policy of ITService EOOD. Not documented in the Lunos repository; to be answered by Axsion.,
"Supply Chain Management, Transparency, and Accountability",STA-05.5,Do you provide the client with a list and copies of all subprocessing agreements and keep this updated?,Axsion to answer,An organisational policy of ITService EOOD. Not documented in the Lunos repository; to be answered by Axsion.,
"Supply Chain Management, Transparency, and Accountability",STA-06.1,Do you review the risk management and governanced processes of partners to account for risks inherited from other members of that partner's supply chain?,Axsion to answer,An organisational policy of ITService EOOD. Not documented in the Lunos repository; to be answered by Axsion.,
"Supply Chain Management, Transparency, and Accountability",STA-07.1,"Are policies and procedures established, and supporting business processes and technical measures implemented, for maintaining complete, accurate, and relevant agreements (e.g., SLAs) between providers and customers (tenants)?",Axsion to answer,An organisational policy of ITService EOOD. Not documented in the Lunos repository; to be answered by Axsion.,
"Supply Chain Management, Transparency, and Accountability",STA-07.2,Do you have the ability to measure and address non-conformance of provisions and/or terms across the entire supply chain (upstream/downstream)?,Axsion to answer,An organisational policy of ITService EOOD. Not documented in the Lunos repository; to be answered by Axsion.,
"Supply Chain Management, Transparency, and Accountability",STA-07.3,Can you manage service-level conflicts or inconsistencies resulting from disparate supplier relationships?,Axsion to answer,An organisational policy of ITService EOOD. Not documented in the Lunos repository; to be answered by Axsion.,
"Supply Chain Management, Transparency, and Accountability",STA-07.4,"Do you review all agreements, policies, and processes at least annually?",Axsion to answer,An organisational policy of ITService EOOD. Not documented in the Lunos repository; to be answered by Axsion.,
"Supply Chain Management, Transparency, and Accountability",STA-08.1,Do you assure reasonable information security across your information supply chain by performing an annual review?,Axsion to answer,An organisational policy of ITService EOOD. Not documented in the Lunos repository; to be answered by Axsion.,
"Supply Chain Management, Transparency, and Accountability",STA-08.2,Does your annual review include all partners/third-party providers upon which your information supply chain depends?,Axsion to answer,An organisational policy of ITService EOOD. Not documented in the Lunos repository; to be answered by Axsion.,
"Supply Chain Management, Transparency, and Accountability",STA-09.1,Do you permit tenants to perform independent vulnerability assessments?,Yes,The full source is public (MIT). Customers may assess it independently. Report findings privately through GitHub Security Advisories.,https://github.com/AxsionDev/Lunos/blob/dev/SECURITY.md
"Supply Chain Management, Transparency, and Accountability",STA-09.2,Do you have external third party services conduct vulnerability scans and periodic penetration tests on your applications and networks?,No,No third-party vulnerability scans or penetration tests have been carried out.,
Threat and Vulnerability Management,TVM-01.1,Do you have anti-malware programs that support or connect to your cloud service offerings installed on all of your systems?,N/A,"Lunos is self-hosted software. ITService EOOD operates no service that stores or processes customer data, so there is no provider-side infrastructure, tenant data or tenancy to which this applies.",https://github.com/AxsionDev/Lunos/blob/dev/docs/deployment/self-hosted.md
Threat and Vulnerability Management,TVM-01.2,"Do you ensure that security threat detection systems using signatures, lists, or behavioral patterns are updated across all infrastructure components within industry accepted time frames?",N/A,"Lunos is self-hosted software. ITService EOOD operates no service that stores or processes customer data, so there is no provider-side infrastructure, tenant data or tenancy to which this applies.",https://github.com/AxsionDev/Lunos/blob/dev/docs/deployment/self-hosted.md
Threat and Vulnerability Management,TVM-02.1,Do you conduct network-layer vulnerability scans regularly as prescribed by industry best practices?,N/A,"Lunos is self-hosted software. ITService EOOD operates no service that stores or processes customer data, so there is no provider-side infrastructure, tenant data or tenancy to which this applies.",https://github.com/AxsionDev/Lunos/blob/dev/docs/deployment/self-hosted.md
Threat and Vulnerability Management,TVM-02.2,Do you conduct application-layer vulnerability scans regularly as prescribed by industry best practices?,No,No application-layer vulnerability scanning of Lunos is performed.,
Threat and Vulnerability Management,TVM-02.3,Do you conduct local operating system-layer vulnerability scans regularly as prescribed by industry best practices?,N/A,"Lunos is self-hosted software. ITService EOOD operates no service that stores or processes customer data, so there is no provider-side infrastructure, tenant data or tenancy to which this applies.",https://github.com/AxsionDev/Lunos/blob/dev/docs/deployment/self-hosted.md
Threat and Vulnerability Management,TVM-02.4,Will you make the results of vulnerability scans available to tenants at their request?,N/A,No scans are performed (see TVM-02.2).,
Threat and Vulnerability Management,TVM-02.5,"Do you have a capability to rapidly patch vulnerabilities across all of your computing devices, applications, and systems?",Partial,Fixes ship in new releases; Lunos announces new releases and can upgrade itself when the customer allows it. Support periods are not yet defined.,https://github.com/AxsionDev/Lunos/blob/dev/docs/trust/cra-readiness.md
Threat and Vulnerability Management,TVM-02.6,Will you provide your risk-based systems patching time frames to your tenants upon request?,No,Support periods and patching time frames are not yet defined.,https://github.com/AxsionDev/Lunos/blob/dev/docs/trust/cra-readiness.md
Threat and Vulnerability Management,TVM-03.1,"Is mobile code authorized before its installation and use, and the code configuration checked, to ensure that the authorized mobile code operates according to a clearly defined security policy?",N/A,"Lunos is self-hosted software. ITService EOOD operates no service that stores or processes customer data, so there is no provider-side infrastructure, tenant data or tenancy to which this applies.",https://github.com/AxsionDev/Lunos/blob/dev/docs/deployment/self-hosted.md
Threat and Vulnerability Management,TVM-03.2,Is all unauthorized mobile code prevented from executing?,N/A,"Lunos is self-hosted software. ITService EOOD operates no service that stores or processes customer data, so there is no provider-side infrastructure, tenant data or tenancy to which this applies.",https://github.com/AxsionDev/Lunos/blob/dev/docs/deployment/self-hosted.md
